Store,Sales_recent,customer_recent,Sales_total,customer_total
1,-1.030955543,-0.584594139,-0.794633836,-0.449994695
2,-0.833442167,-0.450276071,-0.709048013,-0.393104027
3,-0.088905597,-0.08705163,0.0721745035,0.0219726789
4,1.1031433679,1.469683932,1.1731026352,1.5054365727
5,-0.976852651,-0.587325931,-0.832575634,-0.52199428
6,-0.92872813,-0.542577986,-0.4969335,-0.269593637
7,0.7557005399,0.4682593759,0.8521353002,0.5512902582
8,-0.3073092,-0.084349531,-0.473821269,-0.20215988
9,0.1666402232,-0.293569185,-0.079621386,-0.413382734
10,-0.502791929,-0.393205368,-0.462144465,-0.367481562
11,0.1744516278,0.7715477012,0.5272674976,1.012215617
12,0.3040632506,0.3817922128,0.3499292078,0.4122540864
13,-0.771184886,-1.004325108,-1.097137113,-1.115610919
14,-0.622302558,-0.339846339,-0.500307654,-0.281311828
15,-0.076317402,-0.227738931,-0.018406439,-0.188767661
16,0.3699298139,0.2976856746,0.358972389,0.2782137372
17,-0.331240854,0.023853196,-0.160374032,0.1361347747
18,-0.015559256,-0.054225583,-0.07035784,-0.065093152
19,-0.106752124,-0.307272686,-0.118514342,-0.298692171
20,0.4376521252,0.2560406896,-0.238754931,-0.171859986
21,-0.564449555,-0.640061398,-0.51640509,-0.579026092
22,-0.983378433,-0.668849144,-1.263729258,-0.871435987
23,-0.614459354,-0.718927053,-0.495631295,-0.662382804
24,1.1297007807,0.2507701122,1.0485541591,0.2402198828
25,1.498996916,1.9335541316,1.5933599589,1.9699561666
26,-0.07124987,-0.49033246,-0.025706171,-0.468619069
27,1.0425328645,0.7783623351,1.0845987644,0.8521818913
28,-0.965486478,-0.626506364,-0.608042762,-0.424808791
29,0.5037322018,-0.1114596,0.2407279008,-0.224460549
30,-1.085714875,-0.3175466,-0.591081801,0.0860386877
31,-0.507171222,-0.489723745,-0.344017847,-0.387822635
32,-1.188809971,-0.735317806,-1.404859975,-0.923284879
33,0.5134107116,0.1553355442,0.6686457408,0.2424683312
34,0.439957614,0.6307861674,0.5274719762,0.6606042397
35,1.5068832774,0.059811896,1.1742229114,-0.030247125
36,1.0069102246,0.8015974158,0.2853252462,0.3300856061
37,-0.127353881,-0.038399004,0.1443272614,0.1038391778
38,-0.353180475,-0.543394554,-0.30226424,-0.52709514
39,-0.702792507,-0.227961631,-0.762194511,-0.286045059
40,-1.126439119,-0.486323851,-0.749863273,-0.20512061
41,-0.441822541,-0.82897077,-0.998829031,-1.083472878
42,1.3764539444,0.9006545779,1.3638780898,0.9168485804
43,-0.268894988,-0.464009266,0.0244059462,-0.335796493
44,-0.680818814,-0.345547471,-0.498273117,-0.248838982
45,-0.695176444,-0.899848902,-0.56422182,-0.833842586
46,-0.658418096,-0.267335071,-0.993336296,-0.547452625
47,0.177488513,0.4663144586,0.1713384226,0.4732379156
48,-1.377576118,-0.966362104,-1.118437735,-0.791378094
49,0.2177607444,-0.536579921,0.2090239815,-0.539886678
50,-1.06280763,-0.993294012,-1.000329566,-0.978521214
51,-0.022094124,-0.66059438,-0.571616873,-0.881293053
52,-0.214946552,-0.826253825,-0.338073619,-0.867999307
53,-0.700144034,-0.503130312,-0.584131066,-0.437597046
54,0.355865197,-0.108059706,0.4817246309,-0.013753033
55,-0.779845801,-0.395491759,-0.861072468,-0.464867279
56,0.4502562207,-0.508000029,0.2310574469,-0.596403152
57,0.8143462671,0.2866694254,1.4801413393,0.6024695393
58,0.012867533,-0.553133988,-0.67647032,-0.846614429
59,-0.609930147,-0.52489557,-0.494746246,-0.448232043
60,0.7081120728,0.0135050482,0.5116482028,-0.069281502
61,-0.797283473,-0.417257017,-0.819158968,-0.437790708
62,-0.162033882,-0.095484554,-0.102964232,-0.060090764
63,0.1273310728,-0.259436629,0.0955163245,-0.251944138
64,1.6534941883,0.1721716985,1.4362922113,0.1313523085
65,-0.748990866,-0.792937837,-0.655647839,-0.728739932
66,-0.351815353,-0.613025563,-0.264729862,-0.559400584
67,0.4136228,0.1325755578,0.4180036683,0.1400966393
68,0.2697444043,1.0043587561,0.3393439813,1.0684760633
69,0.7731472974,1.0500271959,1.0734523748,1.138420862
70,-0.170899225,-0.231717845,-0.05122141,-0.152835158
71,0.7887860065,-0.059021066,0.9179338473,0.0139012415
72,-1.058246624,-0.764075858,-1.288241066,-0.92490967
73,-0.931104032,-0.68482419,-0.860488756,-0.624359407
74,-0.399054022,0.1643326426,-0.211285102,0.2798615053
75,-0.378931535,-0.295484409,-0.279320102,-0.243482094
76,0.8482880582,0.4393083168,0.1738792869,0.0019303052
77,0.3567646783,-0.242437161,0.3510248851,-0.196757039
78,-1.305263272,-0.695884979,-1.21344341,-0.628994165
79,-0.57256533,-0.481632295,-0.519622425,-0.466485505
80,0.3420527075,-0.406790096,0.341130991,-0.418677255
81,0.135510447,-0.485032189,-0.472672807,-0.749583213
82,0.8300849187,0.2150044193,0.9013885054,0.2482223896
83,-1.264211945,-1.074757838,-1.147388112,-1.01166039
84,2.4828386718,1.6101485319,2.472856221,1.6641606183
85,0.7629599901,1.2455433481,0.8113677006,1.2436777892
86,-0.958520041,-0.456274137,-0.827497493,-0.351076095
87,-0.506012799,-0.050172435,-0.342919095,0.0017825969
88,-0.417225362,-0.378907999,-0.291276206,-0.325263251
89,-0.401495796,-0.363437741,-0.796007789,-0.621618598
90,0.5945116717,0.7426411822,0.6563913745,0.8034578501
91,-0.97786116,-0.721124364,-0.483021781,-0.32816818
92,-0.231780027,-0.497384641,-0.305441602,-0.497146464
93,-0.472450334,-0.458798075,-0.318020367,-0.352684474
94,0.1177865766,-0.289560577,0.1434652739,-0.259126043
95,-0.060812706,0.072550362,0.3539362708,0.2641847321
96,-0.692484814,-0.541568411,-0.630067515,-0.506317507
97,-0.05197235,-0.168159136,-0.019872638,-0.132372636
98,-0.613782471,-0.738153525,-0.659478097,-0.741268877
99,-0.544229397,-0.669858719,-1.06402798,-0.945536312
100,0.4223700286,-0.187088674,-0.225998849,-0.530984792
101,0.2858283112,0.060450304,0.3018275401,0.1039671916
102,0.0205244813,0.6734258811,0.0905698899,0.7587350625
103,-0.882588827,-0.830796914,-1.182979687,-1.022718817
104,1.3299444006,1.4766321862,1.3692268194,1.4813108854
105,-0.805019921,-0.458991082,-0.98325791,-0.621257533
106,0.6771730957,0.1929125342,0.7435581911,0.2043661573
107,0.2646178151,0.613905473,0.2482746472,0.562434028
108,2.1082137912,0.3816734392,0.8182051778,-0.163050007
109,-0.186319878,-0.017494855,-0.102186291,0.0144658154
110,-1.111693077,-0.53123511,-0.877583986,-0.384251377
111,-0.10177772,-0.436810117,0.010919071,-0.36379542
112,-0.292849356,0.054274078,-0.196554956,0.1009769194
113,-0.474437825,-0.413471109,-0.404652669,-0.468212051
114,-0.689407044,-0.429713396,-0.551284321,-0.331017309
115,0.3884759374,-0.471313841,-0.349630503,-0.768883763
116,0.1070518577,-0.004711849,0.2276438331,0.0528207346
117,-1.295798276,-0.713181381,-1.149683499,-0.637761473
118,0.5261579063,-0.120100378,0.4190988331,-0.161950401
119,-0.401329982,-0.244441465,-0.286700293,-0.184746714
120,0.04063334,-0.301200387,0.146344886,-0.259917103
121,-1.09620201,-0.729779988,-0.919360655,-0.605301756
122,0.1193879259,0.3314025234,0.2313613462,0.4099071658
123,0.3914378657,0.4342901332,0.6063443414,0.5235210997
124,-0.962304222,-0.548561205,-0.933230351,-0.551801813
125,1.9971573776,2.1202364991,2.0563999444,2.1544208434
126,-0.630570518,-0.64418878,-0.10141245,-0.505444387
127,-0.689715957,-0.231495145,-1.027034266,-0.546825685
128,0.5221806544,-0.252859542,0.2842572427,-0.371466404
129,0.6872877176,0.9178173596,0.235752255,0.4835052829
130,-0.734088097,-0.468982909,-0.649758445,-0.425140314
131,-0.812047686,-0.607754986,-0.593391025,-0.466872829
132,0.0933847389,-0.28163244,-0.696580969,-0.7068988
133,-0.384498779,-0.175894265,-0.107435087,0.0518196006
134,-0.967458069,-0.677103907,-0.800658011,-0.623171176
135,-0.338913702,-0.531739897,-0.317013348,-0.512209427
136,-0.605827967,-0.870363361,-0.949816691,-1.03034713
137,0.5675317752,0.5370738162,-0.061695942,0.0584697561
138,0.212502413,-0.085700581,0.2325672062,-0.066796721
139,-0.203616722,-0.638428262,-0.63891903,-0.846936105
140,0.2198958768,0.5852513479,0.2900118546,0.5743064921
141,-0.602479898,-0.357602989,-0.493142191,-0.335366498
142,-0.992673074,-0.517190134,-0.861442989,-0.441716466
143,-0.258946179,-0.452725776,-0.178460907,-0.407691041
144,0.1149563905,-0.151857462,-0.22730823,-0.400650279
145,0.249855873,0.9054203676,-0.100102557,0.6341546086
146,0.5080024666,-0.076614402,0.4196005488,-0.099880095
147,0.4941150203,0.2879610881,0.5791799494,0.3532035947
148,0.7561184807,0.2010930642,0.7715466472,0.2128774372
149,-0.635079281,-0.723663149,-0.924741158,-0.903278612
150,0.6711288539,0.2148262589,0.6824616267,0.2152440522
151,0.0463663976,-0.186851127,0.0010605379,-0.226649914
152,-0.572622115,-0.360512941,-0.486984771,-0.307045895
153,-0.273662693,-0.456066283,0.1217751685,-0.275144187
154,0.8162179151,-0.00861653,0.7977322069,-0.00552404
155,-0.003109617,-0.207131715,-0.500648451,-0.545680125
156,-0.09596062,-0.16391298,0.0904796938,-0.066786874
157,1.128249345,0.5733739903,1.1820950811,0.6350211639
158,0.5106259538,-0.626105503,0.5569461051,-0.566372415
159,0.2314982772,-0.183911481,-0.225512508,-0.472748337
160,-0.568211023,-0.528518164,-0.405770895,-0.46246784
161,0.1620383314,0.1837075821,0.195944526,0.1987663719
162,0.2834660371,-0.520382174,0.4097179291,-0.471412397
163,-0.103356355,0.1698259204,0.23305406,0.3449647545
164,-0.206837592,-0.286769398,-0.716679831,-0.600637456
165,-1.282378741,-0.907643417,-1.425403155,-1.033055115
166,-0.654608928,0.0378239378,-0.376278317,0.1937803965
167,0.9635079799,0.7761798707,1.0163874724,0.8055946967
168,0.2182331992,-0.037181575,0.2938533873,-0.030982384
169,-0.429813557,-0.511978944,0.1344087683,-0.166325849
170,-0.986890045,-0.664602988,-0.699568714,-0.505572401
171,0.541010705,0.2552241213,0.6656467214,0.3215710438
172,-0.000447516,0.2530713502,-0.473952976,-0.12197069
173,0.4072628311,0.5705234245,0.6083496666,0.6942587529
174,-0.369339339,-0.682998046,-0.807100368,-0.916949835
175,-0.404757551,-0.132022275,-0.375308197,-0.118497904
176,-0.736852412,-0.35813747,-0.592284073,-0.279952912
177,-1.254072337,-0.724672724,-1.102868151,-0.653526871
178,1.3170972635,0.4279357469,1.3338335732,0.4686130049
179,0.1745629273,0.557710725,0.2129818466,0.5480866295
180,0.1196900244,0.2013306114,0.201455711,0.2740253866
181,-0.352283265,-0.303620399,-0.661611542,-0.52833589
182,-0.556783522,-0.834597668,-0.576276833,-0.824930853
183,-0.870736571,-0.480266399,-1.189763354,-0.690562263
184,-0.185731581,-0.443283277,-0.073621297,-0.376760925
185,0.1400873532,-0.530344308,0.1815900262,-0.492876053
186,-1.240078134,-0.975567056,-1.493297736,-1.117977534
187,-0.331892751,0.0093628198,-0.176351549,0.1002416603
188,-0.682399721,-0.767713299,-0.70854681,-0.775392775
189,0.5674068473,0.1371928805,0.7988991186,0.2445559417
190,0.2570517235,-0.178596364,-0.404691617,-0.556430006
191,-0.140466774,-0.156623252,-0.519451257,-0.43851612
192,2.3006073923,0.3051684098,0.1747776603,-0.578258009
193,-0.741020463,-0.034152849,-0.564301767,0.0975960408
194,-0.846984358,-0.871016616,-0.776357857,-0.830783383
195,1.5403957705,1.3902095632,1.5774782755,1.4241346477
196,-0.692373515,-0.153342132,-0.60895241,-0.107258945
197,-0.063776906,0.2054876865,0.0514329942,0.2715602994
198,-1.707449532,-1.105742895,-1.53699927,-1.027150066
199,0.5636431086,-0.273941851,0.4766357275,-0.298915374
200,0.3065708954,0.5434578959,0.3863509967,0.5783143104
201,-0.69664378,-0.838294496,-0.60379176,-0.760113173
202,-0.219053275,-0.559607148,-0.271632937,-0.590114061
203,-0.027699983,0.3785704796,0.0157901714,0.3693957056
204,-0.572803829,-0.616796624,-0.950636143,-0.825777713
205,-0.220965808,0.3058068178,-0.073058597,0.3665334472
206,0.3328693667,0.2409861389,0.158000166,0.1493825671
207,1.6338668701,1.3376225626,1.794179976,1.4504398529
208,-1.625585376,-0.892455247,-1.519688287,-0.83193879
209,-0.321589601,-0.331903356,-0.17373125,-0.22495291
210,-1.54418686,-1.136906112,-1.424335664,-1.061726935
211,2.6010068934,2.0045955765,2.5214621668,1.9276098412
212,-1.003289679,-0.845821771,-0.780663182,-0.710253419
213,0.5808082103,-0.225511926,0.5466365916,-0.227106169
214,0.9526937614,-0.158820563,1.0260338398,-0.066566952
215,-0.263384529,-0.696478847,-0.690178073,-0.896589067
216,-0.031570478,0.2476374592,0.1745250088,0.3650629291
217,-0.851534007,-0.246252762,-0.810704111,-0.241578299
218,-0.86528744,-0.223552162,-1.099711288,-0.474163054
219,-1.570994129,-0.922564348,-1.448397516,-0.8566947
220,-0.898568249,-0.358805571,-0.748235132,-0.254018619
221,-0.366422839,-0.48246371,-0.360325912,-0.473519702
222,-0.790473763,-0.483428745,-0.697574663,-0.450838274
223,0.1042648285,-0.033529288,0.1991910722,0.0001971946
224,0.1208234617,-0.620478605,-0.059504587,-0.675180906
225,-0.709865701,-0.541687184,-0.616701585,-0.467969153
226,-0.057732664,-0.19002832,0.2052562455,-0.093758407
227,-0.288926618,-0.473986246,-0.32989345,-0.481358089
228,0.5205134339,-0.400895957,0.4728203312,-0.379373721
229,0.7575790021,-0.034375549,0.7519643625,-0.018492828
230,0.3565148224,0.552469841,0.3386962095,0.5236162895
231,-0.804238553,-0.907480104,-1.178858854,-1.090533334
232,-1.354970972,-1.124939674,-1.375595449,-1.132029516
233,1.0683906808,0.7592694828,1.075308569,0.7487663941
234,1.5990573976,0.6590097383,1.7208526193,0.7242369708
235,-0.632205938,-0.749362781,-0.323804702,-0.61129543
236,0.194356059,0.3714589117,0.1610775944,0.3294816434
237,-0.914590827,-0.412179447,-0.876956714,-0.416953992
238,0.1245894719,0.8561293337,0.3082294113,0.8731991397
239,-0.662990459,-0.677801702,-0.674909312,-0.6888948
240,-0.81423279,-0.732006993,-0.766046806,-0.712836673
241,-0.117003031,-0.129038089,-0.071281837,-0.09400787
242,-1.214508788,-1.039303926,-1.061197565,-0.958101364
243,-0.075090836,0.3951097,-0.440874592,0.0538120213
244,-0.625130473,-0.565679447,-0.595109875,-0.514316732
245,0.8424845866,0.8258123786,0.8618072915,0.7208002913
246,0.0455986585,0.4548231151,0.1456053807,0.5160831668
247,0.56189866,-0.232831348,0.7333475857,-0.14258092
248,0.3255622168,0.7155459603,0.6603354027,0.9670365748
249,-0.672246485,-0.573399729,-0.575686971,-0.512160191
250,0.8256147691,-0.185856398,0.6908867598,-0.209305678
251,4.8677406841,4.3308057484,4.934874855,4.3699270203
252,1.3114073627,0.0457966141,1.5384874359,0.1742500782
253,-0.529524241,-0.179353545,-0.405230744,-0.129818924
254,-1.556538828,-1.276984698,-1.499389558,-1.234542352
255,-0.253994489,-0.29116402,-0.195876948,-0.258564752
256,0.5919290701,0.8034384063,1.2109270756,1.280818218
257,-0.791232417,-0.423522323,-0.555693679,-0.269550966
258,-0.522305676,-0.69313834,-0.900957581,-0.887624815
259,3.433676732,6.1701333404,2.8619031413,5.3613647544
260,-0.275718326,0.3451060246,-0.063746365,0.4495586356
261,2.048670854,0.4111886728,2.3373171485,0.5304502597
262,7.1920185645,8.5011389954,7.3025073992,8.6231379824
263,-1.07028968,-0.923915397,-1.517626589,-1.16943582
264,-0.115915022,0.3720527796,0.1255900523,0.4911073362
265,-0.762721585,-0.634330573,-0.721371052,-0.609148736
266,-1.17560395,-0.663578566,-0.944709338,-0.535468559
267,0.821299076,0.9057766884,1.0327836833,0.9978649361
268,-0.867447558,-0.427605165,-0.738268466,-0.356997556
269,0.7443366384,1.0889106953,1.0319544945,1.251946171
270,1.1096805073,1.333732728,1.0337732778,1.2051587496
271,0.4616519221,0.1191689904,0.435140922,0.1314113918
272,-0.368046903,-0.370103908,-0.202983989,-0.282053652
273,0.2351461736,-0.055457859,0.1189150305,-0.09673555
274,-0.518782708,1.5438877234,-0.755092083,1.1410270927
275,-0.099065648,-0.192834346,-0.326631017,-0.366162035
276,-1.301751661,-0.684542102,-1.064054628,-0.562197194
277,-0.35581532,-0.628911529,-0.645176382,-0.803181628
278,0.0232569965,0.0570058703,0.1701592114,0.1437105688
279,1.2266221635,-0.049266786,0.1360589464,-0.530906014
280,-0.338677475,-0.645257742,-0.203754755,-0.567045309
281,-0.440757247,-0.535525805,-0.344745053,-0.481486102
282,-1.012398063,-0.302981991,-0.928146572,-0.246459237
283,0.1577975951,-0.107703386,-0.431721228,-0.429394312
284,-0.580919603,-0.797985714,-0.973904679,-0.977362525
285,-0.616692157,-0.671477009,-0.63620546,-0.690486767
286,-1.020970392,-0.925236753,-0.732153582,-0.795297287
287,0.4961184105,0.1411272552,-0.100770315,-0.223856586
288,-0.571515935,-0.855798752,-0.906173579,-1.03333412
289,-0.39512447,-0.566852336,-0.169398251,-0.47650341
290,0.0328242068,-0.181788403,0.1007543589,-0.150294576
291,0.2933035461,0.1466353798,0.5076319152,0.255558568
292,-0.618177664,-0.272635342,-0.432773857,-0.119544992
293,-0.291486506,0.1375046612,-0.188385037,0.1996460568
294,-0.399610519,0.0901585446,-0.389912274,0.0677786607
295,-0.571992933,-0.145265529,-0.594805463,-0.184681065
296,0.0011402047,-0.020152414,0.0876523545,0.0390247803
297,-0.000649672,-0.103486924,0.08477018,-0.059838019
298,0.5423462985,-0.183480927,-0.022285895,-0.484604389
299,0.063224858,0.0609105516,0.1189529539,0.0808754624
300,0.200809156,0.4631521121,0.1369614196,0.3594926854
301,-0.599274928,-0.443431744,-0.474189741,-0.361852235
302,-1.268155125,-1.108727081,-1.201607738,-1.067070693
303,-0.382672559,-0.26850796,-0.270229773,-0.201313019
304,-0.048149554,0.7080483783,0.1402407643,0.8213896365
305,-0.288465521,-0.454759774,-0.559191339,-0.595070495
306,-1.057853669,-0.75840442,-1.306813769,-0.940721022
307,-1.764184997,-1.178417477,-1.615895722,-1.105881867
308,0.6263910157,0.2799587184,0.9818059908,0.4698340601
309,-0.070756972,-0.471610775,0.0836524661,-0.384704349
310,1.1149047674,0.1310315013,1.086755783,0.1640811831
311,-0.051125111,0.1703752482,-0.042376558,0.1270851802
312,-0.60591201,-0.568930873,-0.470810976,-0.515101227
313,0.0025598406,-0.174172048,0.1361194188,-0.081176943
314,-0.796642933,-0.535600039,-0.648359381,-0.435266537
315,-1.127799698,-0.822556997,-0.990894339,-0.739036841
316,1.2417588894,0.3966982966,1.2351252468,0.4100253324
317,-0.635126981,-0.467884254,-0.984667736,-0.71320102
318,0.1420067009,-0.279390589,0.3096351375,-0.209397586
319,0.2250360945,0.1266962658,0.4292725401,0.2751742289
320,3.121911058,3.3765491485,3.2607886081,3.4132860769
321,-0.38111891,-0.449548583,-0.317704681,-0.397019938
322,-0.778921334,-0.543825109,-0.687165729,-0.489682271
323,0.2279366946,-0.32375252,0.2409610782,-0.307712223
324,-0.69688455,-0.213515795,-0.425765212,-0.048129675
325,-0.332494677,-0.300101732,-0.11063756,-0.174958578
326,-0.635774335,-0.809684911,-0.699783442,-0.825249246
327,0.3956468023,0.4579260748,0.3818709168,0.4776625994
328,-1.052091083,-0.652770171,-0.930083225,-0.565312198
329,-0.005542305,-0.355242364,0.060256835,-0.309300908
330,-1.171576727,-0.837745168,-1.036032861,-0.751575634
331,-0.596942182,-0.066756196,-0.239900831,0.2012905424
332,-1.33085079,-0.670408047,-1.209008941,-0.611997865
333,1.2123190478,1.3881904124,1.2272582019,1.364818281
334,-0.685279878,-0.554648351,-0.532318035,-0.45858147
335,3.8530280936,5.4680775816,3.727918678,5.4793869601
336,2.6109375305,2.9814785426,2.8611062385,3.1229703574
337,-0.67976942,-0.936549936,-0.678339838,-0.911740656
338,-0.062593498,-0.441071119,0.1895119062,-0.294434889
339,-0.733822341,-0.200020147,-0.710496788,-0.21013941
340,-0.134910887,-0.097325545,-0.093620739,-0.055886002
341,-0.537980728,0.0352406126,-0.499123318,0.0221203872
342,1.6772963718,0.1935212488,0.8344384209,-0.163893585
343,0.3049877175,-0.090555451,0.1746931015,-0.100552988
344,0.8228549969,1.1325005975,0.7081224092,1.0361968784
345,-1.051575471,-0.723574069,-1.246020079,-0.886620399
346,0.1237672188,-0.301779408,0.0274346893,-0.311404931
347,-0.768327443,-0.894177463,-0.786433168,-0.909758082
348,0.6852343563,-0.073348129,-0.006175647,-0.454573652
349,0.6662089637,0.2884510291,0.2275526121,0.010165863
350,-0.02758414,-0.605720988,0.1075334137,-0.538787072
351,-0.325523696,-0.623626105,-0.285407312,-0.569339711
352,-0.179330726,-0.352169098,-0.010616779,-0.256828359
353,0.3530213823,3.1956272994,-0.005972193,2.5336700829
354,0.6255460484,-0.124346533,0.6502503544,-0.092133616
355,0.8317180678,0.8668041089,0.976393714,0.9390573424
356,-0.320692391,-0.775864135,-0.422048212,-0.784488323
357,0.3629474766,0.7153381065,0.3687248393,0.668206293
358,1.3284407222,0.9050343535,1.4149685275,0.9744909198
359,-0.120024017,-0.399886382,0.0357204285,-0.331217536
360,-0.044290416,-0.024650963,0.0871075907,0.0509169388
361,-0.305796436,-0.324643322,-0.194361039,-0.262966459
362,1.0378355732,1.1410226016,1.0535216053,1.0537085167
363,0.0910747074,0.5117156578,0.1669582758,0.5155317225
364,-0.866307307,-0.430218184,-0.900410767,-0.459457873
365,-0.608892109,-0.450676932,-0.96797685,-0.699024307
366,-0.370393277,-0.439141048,-0.222390494,-0.357427551
367,-0.624714803,-0.496196905,-0.588377456,-0.499152014
368,1.2427355989,-0.084215911,1.1575868609,-0.077819042
369,-0.24949254,-0.540573682,0.0448655927,-0.41606446
370,0.2772150963,-0.342296044,0.3544528483,-0.27066042
371,-0.09596062,-0.583970577,0.0581526016,-0.500340245
372,0.8774621439,0.0183599181,0.8081918764,0.0455534867
373,-0.960448474,-1.139415204,-0.89541411,-1.08864595
374,0.0766693779,0.2448611268,0.1169255922,0.2392778321
375,0.8668886957,0.0155835858,0.9638646596,0.0472176668
376,0.5583279917,0.4382393546,0.6563334645,0.5174847543
377,0.4788533664,0.6436731004,0.4419087023,0.598727596
378,-0.07764391,0.6932759149,-0.174450769,0.5847150029
379,-1.197543571,-0.725548679,-1.131594575,-0.692800864
380,2.8513534394,1.4285734281,3.071919058,1.6338475949
381,0.841578291,0.5392562807,0.8987764066,0.575186177
382,0.3523104287,-0.282775636,0.4927649376,-0.228612793
383,3.9443027326,3.5932960773,4.2138233678,3.7505861622
384,0.9420067423,0.7308677516,0.8559122608,0.6679338533
385,0.1448073586,-0.289946591,-0.357016331,-0.559597528
386,-0.026425718,-0.462138582,0.5061160062,-0.245694436
387,0.8635724262,0.9769666002,0.9759201846,1.1106615508
388,1.365705597,0.8666853353,1.3957296028,0.9076348656
389,1.6132378568,1.4321811755,1.4539486049,1.3604461157
390,1.9877855092,0.8347352434,1.9249304571,0.836843206
391,-0.599308999,-0.254477832,-0.448319355,-0.155231315
392,0.1584903774,-0.097845179,0.2066558221,-0.059838019
393,-0.475005679,-0.456244443,-0.342815575,-0.394357906
394,0.6612095739,-0.193205513,0.6439069057,-0.199222126
395,-1.223380944,-0.634508734,-1.106895713,-0.567215994
396,1.3073869538,0.8029336186,1.3866648975,0.8637753508
397,-0.424916381,0.0118273715,-0.473833056,0.0223271788
398,-0.578739043,-0.367876903,-0.491031807,-0.314313143
399,-0.45662764,-0.46623627,-0.927493675,-0.742470238
400,0.7840705439,1.1892743667,0.8054742072,1.1859074359
401,0.1568140713,-0.225333766,0.109295312,-0.239868165
402,-0.505340459,-0.406240768,-0.357808622,-0.320306817
403,0.1917439289,-0.063192988,0.2821463471,-0.012266103
404,-0.795947879,-0.43850264,-0.838127305,-0.472636735
405,-1.008822852,-0.712320272,-0.894684342,-0.64891509
406,0.0364244034,-0.570460083,-0.259780866,-0.683790658
407,-1.164489904,-1.101793674,-1.460495577,-1.25355405
408,-0.830970865,-0.739949975,-0.816861531,-0.709862813
409,-0.416791521,-0.463534172,-0.487140564,-0.502224346
410,-0.155062902,0.1131709249,-0.126912827,0.1552712042
411,0.9980448823,-0.100057337,0.9561457208,-0.099305674
412,0.9346064642,-0.225036832,0.2019640889,-0.579682573
413,0.031688498,0.3435025814,-0.449553401,-0.078856282
414,-0.104657877,-0.667453554,-0.126672475,-0.654846398
415,-0.22402995,-0.57051947,-0.207171957,-0.561347051
416,1.7275855542,1.7019753525,1.7249929265,1.7026533985
417,0.0102190603,-0.047217942,0.3479208078,0.1598600084
418,-0.690322425,-0.536609614,-0.601323667,-0.491083859
419,-0.656287506,0.2514976004,-0.565508139,0.2967297919
420,-0.831963475,-0.817642741,-1.252154437,-1.07279521
421,1.0350780724,0.6028892238,1.1529530377,0.7144685293
422,-1.024470647,-0.792566669,-0.867688042,-0.700563755
423,2.5668379606,3.9442571465,2.5280162439,3.935996172
424,0.2055019044,0.2012415312,0.0654625833,0.0816632399
425,-1.489529742,-0.821948283,-1.411877331,-0.789536664
426,-0.781485765,-0.326202225,-0.676032664,-0.275245941
427,0.1759439491,0.0122727724,-0.259152568,-0.319131715
428,-0.343792707,-0.628198887,-0.69522649,-0.820883645
429,-0.737547465,-0.874386816,-1.003264526,-1.019229619
430,0.6753764045,-0.132616143,0.0522575708,-0.466987713
431,1.1664250581,0.6625135588,1.103103821,0.6673003488
432,1.8106830904,2.1995772476,1.7132869113,2.1049779553
433,-0.466067651,-0.218147964,-0.331245366,-0.153793621
434,1.3247337689,-0.030277861,0.4578339463,-0.381756748
435,-1.560143568,-1.015207737,-1.390918019,-0.913667428
436,-0.631606284,-0.384134036,-0.497117992,-0.31694235
437,0.0957538273,-0.118957182,0.2452787026,-0.034789976
438,-0.553867022,-0.499032624,-0.639327474,-0.553548053
439,0.1089961911,0.2989179504,0.2315417384,0.3818458732
440,-0.656896246,-0.41517848,-0.646313058,-0.393862263
441,-0.097984453,-0.024368876,-0.173033256,-0.106960246
442,-0.978145088,-0.727686604,-0.95568866,-0.719365379
443,-0.69313444,-0.695691972,-0.600404282,-0.644365675
444,1.8149260982,1.5247800244,2.1540453921,1.7335999264
445,0.5801699419,1.4720000167,0.7206924618,1.5601674176
446,-0.891658597,-0.413396876,-0.730418845,-0.27213422
447,-0.655810508,-0.35144161,-0.566928727,-0.302023813
448,0.6370280636,-0.046653768,0.6875710292,0.0011195508
449,1.420682985,1.7515930137,1.8048179878,2.0389162434
450,0.6895523208,0.7318179402,0.8009013689,0.8837455115
451,-0.58078559,-0.777230031,-0.522375968,-0.720159722
452,-0.948337276,-0.831197775,-0.630322217,-0.665044835
453,0.7046822325,0.6754004917,0.8350282827,0.7668097823
454,-0.498667035,-0.159043264,-0.383338722,-0.086921155
455,0.3684624782,-0.71448789,0.2358137523,-0.71452383
456,-0.447959911,0.2852738359,-0.228042098,0.3933572726
457,-0.667758164,-0.744463371,-1.156458454,-1.012566334
458,0.227857195,-0.119937064,0.3352667088,-0.094628245
459,0.8864910283,0.9435466854,0.9876190252,1.0124979039
460,-1.350696164,-1.069012167,-1.206034008,-1.011955806
461,-0.936639477,-0.751411625,-0.772705429,-0.680616571
462,-0.994292594,-0.472843051,-0.767695447,-0.343890907
463,-0.337537223,0.5557955011,-0.266323156,0.5828505961
464,1.2635803968,1.2213432321,1.576605526,1.4638517656
465,0.4143110395,-0.369287339,0.4075865345,-0.34581768
466,0.2827823404,-0.043521115,0.3794930204,0.0365137394
467,2.4457373391,2.0361448075,2.682107521,2.2301262654
468,-0.463909805,-0.235919461,-0.019685584,0.0458817274
469,1.7671922604,1.8022796371,2.0823584764,2.017229384
470,1.971542603,2.1603819676,2.5148742662,2.625140903
471,0.013748843,-0.448316307,-0.433125929,-0.690975846
472,-0.703489832,-0.177334394,-0.608300538,-0.112724152
473,-1.438879404,-0.744641532,-1.281288281,-0.651944751
474,0.2302103835,-0.070868731,0.3169907297,-0.004703438
475,-0.290423482,0.4838038676,-0.124914676,0.6051611126
476,-0.465479354,-0.299418783,-0.360361785,-0.2323055
477,-0.33669907,-0.80919497,-0.718756391,-0.977454432
478,-0.05997001,-0.153921153,0.0354744392,-0.096147999
479,1.6701754781,1.3780055783,1.8014212857,1.5149227273
480,-0.851263709,-0.350075713,-0.716284198,-0.291552937
481,-0.469611063,-0.603182203,-0.636023531,-0.673884356
482,0.3310522327,0.2574214324,0.6407223693,0.4678514866
483,-0.849069519,-0.31714574,-0.721392063,-0.231744209
484,0.3175781844,-0.051478944,0.401386067,0.0079994747
485,-0.726687818,-0.807294593,-1.146749565,-1.03645897
486,-1.052722537,-0.613277957,-0.996068827,-0.566273943
487,0.0749476434,-0.179828639,0.1127576112,-0.154354912
488,-1.356604121,-0.974542634,-1.218340135,-0.897485164
489,0.1135980828,-0.311444608,0.2211548407,-0.232738778
490,0.5208655037,0.7738192458,-0.069745941,0.2757814741
491,0.0146392386,-0.572108066,-0.013030036,-0.551148614
492,0.358618155,0.9956585917,-0.226475966,0.4343282697
493,0.8008267905,0.2625138495,0.612359292,0.170751033
494,0.9208212317,1.4127913893,0.9932895907,1.4422010127
495,-0.665775217,-0.899522274,-0.646854747,-0.888796635
496,0.4398236003,0.2130001152,0.405898433,0.2406072067
497,0.7967132535,0.8707681769,0.9276314625,0.9658778854
498,-0.020097548,0.3087167704,-0.469215633,-0.089986922
499,-0.505597129,0.1056584962,-0.646348931,-0.014573634
500,-0.37913142,-0.836215958,-0.992779745,-1.088380075
501,-0.845546551,-0.565174659,-0.985083867,-0.695863349
502,1.3182148009,1.7985382695,1.5937960774,1.9648356125
503,-0.034943533,-0.718080791,-0.021950223,-0.691126837
504,-0.060442465,0.5572653241,-0.01828037,0.5575301128
505,-0.853953067,-0.400554483,-0.797546759,-0.379455781
506,0.0998310216,0.1236229995,0.3271864732,0.2562577206
507,0.6168556052,-0.251671806,0.6762749961,-0.198693658
508,0.1123533461,-0.150239172,-0.008041578,-0.208452253
509,-0.431946418,-0.676287339,-0.247912395,-0.567245535
510,0.4108334994,0.1063711377,0.5728646869,0.2575312943
511,-0.511227973,0.1564935866,-0.424417396,0.190028606
512,0.2272620836,2.5160642865,-0.595369701,1.2536267631
513,4.2088706233,3.2203767432,4.6046014377,3.4987533757
514,-0.350497931,-0.319268817,-0.864646487,-0.662878447
515,0.8509183596,-0.056482281,0.9167582235,-0.008120423
516,-0.382111519,0.0401994093,-0.352389683,0.0487472682
517,-0.409393514,-0.269472996,-0.38022542,-0.274297326
518,-0.383499355,-0.640358332,-0.826859458,-0.864687359
519,-0.680886957,-0.54107847,-0.567451967,-0.457238966
520,-1.265499838,-0.897235883,-1.144647894,-0.833005572
521,-0.758389992,-0.870259435,-0.631073509,-0.805430076
522,0.6288668607,-0.272145401,-0.07408714,-0.601477752
523,2.7361539604,2.1675974623,3.5404871403,2.6921873368
524,0.6659091366,0.4062892628,0.781941232,0.4709730551
525,1.1591519794,0.2494784496,1.4067683721,0.3543458721
526,1.4941678825,1.7646432604,1.5607069308,1.8431502412
527,1.524929689,0.6058734099,1.5970697848,0.6688463622
528,1.4678512399,0.4600491525,1.5739908648,0.5471084724
529,0.3992924273,0.0380911784,0.4440206228,0.0628878751
530,-0.66299273,0.284635428,-0.547700052,0.3368211041
531,-0.78271233,-0.380986537,-0.729926867,-0.350363813
532,1.7323419024,1.4629286849,1.6500107793,1.3741895514
533,1.5316916988,0.5695583892,1.1469867725,0.4051082876
534,0.219630121,-0.534590463,-0.298642561,-0.73302019
535,0.466276528,0.4220267616,0.5405406696,0.4631477982
536,0.4797846476,0.242841976,0.6235154187,0.361944643
537,-0.40118234,-0.283310117,-0.477438337,-0.35491651
538,-1.231494448,-0.448732015,-1.148950144,-0.434468913
539,1.7071904969,0.9414978412,0.9060566646,0.4361729821
540,-0.054430023,-0.763778924,-0.898760077,-1.097045628
541,-0.059499827,0.2636125051,-0.016354991,0.2955875145
542,-0.345932382,-0.624858381,-0.708252135,-0.810544065
543,-1.734154587,-1.360319208,-1.582602609,-1.280246579
544,2.5084716177,2.4572119798,2.9345919508,2.8279246901
545,1.6006769183,0.6806859159,1.5463698552,0.7295971405
546,2.9084932169,2.4057236348,2.7975625932,2.2762407934
547,-0.414304319,-0.784846387,-0.865768301,-0.993052428
548,-0.710967338,-0.888016084,-0.702783486,-0.885291025
549,-0.868044941,-0.486991953,-0.834076169,-0.486481925
550,-0.265103992,-0.624977154,-0.308523643,-0.62278057
551,-0.134760973,0.6378828885,-0.063994917,0.645892494
552,0.2397639653,-0.209522033,0.391200573,-0.127380096
553,0.117832005,-0.253304943,0.1032972732,-0.266892217
554,-0.771123558,-0.349214605,-0.899045527,-0.490850808
555,-0.92339257,-0.849607679,-1.047561559,-0.916391825
556,0.1280238551,0.226332449,0.181180044,0.2390940174
557,-1.146254965,-0.329676352,-0.951871214,-0.169618102
558,-1.562233272,-0.85634808,-1.39705084,-0.73014152
559,-0.459023986,-0.060193955,-0.347827094,0.0249498215
560,2.8594374141,2.3970234703,2.511847573,2.1259197083
561,-0.082270787,-0.232890734,0.0607001282,-0.149759543
562,5.8307308276,7.7434081231,5.9754361906,7.7049373007
563,-0.880919335,-0.396531028,-0.50681817,-0.10628407
564,-0.475659847,-0.627486246,-0.492503643,-0.646535345
565,-0.10620017,0.0772864583,-0.050047324,0.1299802626
566,-0.603170409,-0.460030351,-0.728840414,-0.49386734
567,-0.79518014,-0.301779408,-0.606924536,-0.179153493
568,-0.691801118,-0.81750912,-0.747244512,-0.834912651
569,-1.011989208,-0.260564978,-0.883559989,-0.215916445
570,-1.157568895,-0.359785453,-0.88881391,-0.203774824
571,0.5208768607,-0.417672725,-0.231350654,-0.720714448
572,-0.087270177,-0.515423377,0.0400980129,-0.440236101
573,-1.292152651,-1.138316548,-1.432435374,-1.21118803
574,0.8006655198,-0.253097089,0.8437885762,-0.195920025
575,-0.634550041,-0.682745652,-0.985716265,-0.88790382
576,0.1847615916,0.6973439098,0.1060149423,0.5875477197
577,-0.908953169,-0.581639646,-0.709242242,-0.394705841
578,1.0835523923,0.4129257363,1.0704072324,0.392027898
579,0.286191738,0.2378237925,0.6118319525,0.4344792604
580,0.9381226184,1.8465524874,1.3978036,2.2285507103
581,-0.750764843,-0.483072425,-0.570110701,-0.393360055
582,-0.105600516,0.2007070501,0.1151150085,0.3200315952
583,-1.108999176,-0.825259096,-0.975828521,-0.746199052
584,-0.826144103,-0.809684911,-0.804319664,-0.784836258
585,-0.844983239,0.0159250598,-0.419259821,0.3248764271
586,3.2567105982,4.0898290101,3.318279892,4.1189017058
587,1.4059596571,-0.106233563,0.385793421,-0.493778715
588,-0.312633402,-0.248450073,-0.226623559,-0.194570956
589,-0.738714974,-0.58346579,-0.886715314,-0.66881632
590,-0.74918848,-0.939162955,-0.714766239,-0.897222572
591,-0.542228279,-0.688862491,-0.429445314,-0.624014755
592,-1.057174515,-0.534145062,-0.923503524,-0.438457037
593,0.9002580895,1.1433832264,1.1206920551,1.2738660811
594,-1.101946425,-0.752851755,-1.029684288,-0.72075712
595,3.4099336053,2.7185583862,3.3349769274,2.6420091897
596,-0.939985274,-0.094133505,-0.889079373,-0.098737818
597,-0.749560992,-0.065019132,-0.671310694,-0.035692637
598,-0.517628827,-0.128399681,-0.821204779,-0.408416453
599,1.1271817788,0.2902771728,1.225866825,0.3572114129
600,0.1182976455,-0.311221908,0.1116798706,-0.302378313
601,-0.859343141,-0.958122187,-0.747935845,-0.885182705
602,-0.243423313,-0.366481314,-0.177827484,-0.321439247
603,0.1527346056,0.6476965552,0.0151823729,0.4754535399
604,0.0816278822,-0.555450072,-0.1608286,-0.687791912
605,0.0927010423,-0.633439771,0.1021744346,-0.596859406
606,-0.485009001,-0.364313696,-0.353345966,-0.298344235
607,-1.336524791,-0.909558641,-1.135718483,-0.833104045
608,1.0207840424,0.470115213,1.0288560544,0.5172845275
609,-0.898036737,-0.62472476,-0.835951837,-0.597378026
610,-1.134443594,-0.614391459,-1.023660113,-0.565312198
611,-0.482194715,-0.719906935,-0.853077304,-0.894488327
612,-0.155260515,-0.898289998,-0.523241542,-1.028551653
613,-0.223128198,0.5279282509,-0.002992648,0.6730544073
614,-0.262784875,0.3718746193,-0.064954787,0.5137263989
615,0.9168212656,1.1483271765,1.1879101654,1.2831191849
616,0.5312663242,0.1517574902,0.6889470318,0.2274119329
617,-0.211378155,-0.469844018,-0.157472896,-0.424592152
618,0.095142816,-0.580927004,0.0344669081,-0.599918609
619,-1.096531365,-0.878425118,-1.327617288,-1.020339072
620,0.5420623713,-0.025942626,-0.221463934,-0.447703575
621,-0.403178916,0.1320559234,-0.337562678,0.1662377241
622,-1.080874485,-0.855576051,-0.964557086,-0.789405368
623,-0.047783856,0.1496492593,0.1058104637,0.2019371765
624,-0.04344772,-0.236617255,0.1027140736,-0.149841604
625,-0.263929669,-0.358582871,-0.184273941,-0.318678743
626,0.8891531296,0.1436215003,1.0510642748,0.2280979558
627,-0.177027509,-0.255680414,-0.301469388,-0.317799058
628,-0.308374495,0.0208690099,-0.195898472,0.0673814895
629,-0.369030426,-0.554128716,-0.260042742,-0.510423798
630,-0.213504202,-0.017197921,0.0694932203,0.1332003034
631,-0.533326594,-0.248078905,-0.529689537,-0.253001073
632,0.2142082475,0.5158875797,0.1245999455,0.4293948128
633,0.0739027914,-0.558181865,-0.402057995,-0.773508673
634,-0.105184846,-0.270467724,-0.015917848,-0.228711265
635,-0.462138099,-0.441902534,-0.337320789,-0.368210256
636,-0.335988117,-0.07365991,-0.806880515,-0.434203038
637,0.7026970136,-0.158048535,0.0760985451,-0.480970765
638,-0.374268315,-0.631183074,-0.796129246,-0.866059405
639,-1.035866348,-0.763645304,-0.809252262,-0.653313515
640,1.9451396465,0.3235634674,1.9051575307,0.3529278725
641,-0.636437589,-0.681350063,-0.398215949,-0.520143003
642,-1.377051421,-0.729705755,-1.241203301,-0.668914792
643,0.3300891517,0.6256789037,0.512583987,0.7295314924
644,0.5837905814,0.3319370045,0.1381554926,0.1045645896
645,1.4486009769,1.3658164401,1.573297995,1.4891952257
646,-0.800052331,-0.15087758,-1.097368753,-0.453726791
647,-0.475353206,-0.195209818,-0.37931526,-0.1525102
648,-0.199439585,-0.473719006,-0.058121922,-0.326651709
649,-1.35572054,-0.99699084,-1.226906712,-0.905966903
650,-0.282400836,-0.307287533,-0.662233689,-0.540667891
651,0.243636732,0.4582378554,0.3409680231,0.5291340148
652,-0.072183422,-0.148888123,-0.03935704,-0.147911549
653,-0.465663339,-0.695187184,-0.337850178,-0.617013382
654,-0.130595193,-0.18180325,-0.11110904,-0.14427136
655,0.6730027733,-0.086725003,0.5069820935,-0.138172649
656,-1.498878896,-0.951337247,-1.400566437,-0.92395449
657,-0.296385953,0.0332214618,-0.291583181,0.0555385671
658,-0.55077108,-0.504511055,-0.280631533,-0.365285632
659,-0.652351139,-0.254952926,-0.440468709,-0.139748204
660,-0.839138882,-0.626803298,-1.227846083,-0.880308332
661,0.0783229698,-0.4186823,0.121188894,-0.409010568
662,0.5597453562,0.0359235606,0.6914146118,0.0890158303
663,-0.479757484,0.0203493755,-0.842643258,-0.273591609
664,-0.719108098,-0.332378451,-0.72221869,-0.353636372
665,0.3831063065,1.2030521014,0.5602377493,1.3072383074
666,0.0860798604,-0.186301799,0.0945415919,-0.225852289
667,0.68564094,0.0789938285,0.8263212869,0.1429884393
668,0.8555974795,1.0326120204,0.8928398651,1.080765393
669,-0.926672497,-0.918570586,-1.26047605,-1.091718283
670,-0.167810097,-0.14588909,-0.602196416,-0.467893657
671,-0.112857694,-0.296271284,-0.807431941,-0.683518219
672,0.4992234382,1.3023913507,0.8330403818,1.6608027165
673,0.3082381158,-0.367609663,0.1381073197,-0.40974911
674,-0.048692423,0.1255530701,0.4329475175,0.5872851272
675,-1.303246254,-0.920248263,-0.987114304,-0.746543705
676,1.588797405,4.0889975951,0.9171635934,3.1891699303
677,-0.029844201,-0.504911916,-0.168799678,-0.594059514
678,0.2299945988,0.2509185792,0.2148431655,0.2143676497
679,1.1887281061,0.7960150578,1.2958564146,0.8354908545
680,-0.747103319,0.030860837,-0.608037637,0.1396436672
681,-1.338709894,-0.673139839,-1.299515575,-0.665012011
682,2.7385707486,3.6646493028,2.7109825636,3.5424192285
683,0.5569605984,0.2215518126,0.9757003317,0.3642587395
684,0.6907902433,-0.193101587,-0.238167119,-0.631754669
685,-0.525740059,-0.566941416,-0.052389347,-0.329930833
686,-0.336485557,-0.034999111,-0.200945865,0.033756518
687,0.8357839051,0.0400657891,0.6430177569,-0.01815474
688,-1.415147634,-1.045316838,-1.254072129,-0.963651913
689,-0.183239836,-0.193487601,0.1207333013,-0.066993665
690,-0.576569839,0.1140320333,-0.467803244,0.1295568322
691,0.4616973504,-0.403568363,0.6424376322,-0.307282228
692,-0.231218987,0.0447276519,-0.069209889,0.142121884
693,-0.162383681,-0.675916171,-0.054643736,-0.628203105
694,0.508733863,0.0659435819,-0.134201284,-0.31099463
695,-0.565628421,-0.647811374,-0.546395284,-0.58198354
696,0.617659687,0.6823784393,0.4546099492,0.6660858584
697,1.6268845329,0.6681553036,1.5547201665,0.6728935694
698,3.8297029078,3.332187218,3.5539524914,3.0877205947
699,0.1932203502,0.2115005988,0.5666939431,0.5635763055
700,-1.012659276,-0.559354754,-1.009360448,-0.586152196
701,-0.476043717,-0.337916269,-0.857326256,-0.610445287
702,-1.1186527,-1.07547048,-1.305186653,-1.187068907
703,-1.498642669,-1.056941802,-1.385791192,-0.994483557
704,1.5133250173,0.9213063334,1.471308274,0.8734617322
705,0.423074168,0.4952358242,0.4812546889,0.5570377519
706,-0.525274419,-0.641828155,-0.868708898,-0.825259093
707,0.6171213611,0.415687222,0.6219656862,0.4410046844
708,-0.549208344,-0.557870084,-1.087425148,-0.82790143
709,1.2252706701,1.5150554379,1.2729512245,1.4436354244
710,-0.911690227,-0.967564686,-1.25014245,-1.134051479
711,-0.151001608,-0.687110581,-0.491855872,-0.85035309
712,-0.446224548,-0.540187668,-0.652532487,-0.722677327
713,0.9151267881,1.0101638146,1.5794246657,1.4633232982
714,-0.735078435,-1.004681429,-0.886078816,-1.051466133
715,-0.324612858,-0.264068798,-0.11804235,-0.175618341
716,-0.549998798,-0.80766576,-0.877055109,-0.968427815
717,-0.568419993,-0.509247151,-0.482611287,-0.465533607
718,0.2695377053,0.1992520738,0.467025746,0.2964868939
719,-0.780924724,-0.814213154,-0.983354768,-0.963438557
720,0.0410081239,-0.156029384,0.1797866172,-0.049603476
721,0.2994363732,-0.021577697,0.3836046288,0.0500503835
722,0.9589674164,1.9892589385,1.2527539666,2.177903179
723,0.3679968376,-0.348665277,0.115126283,-0.442845614
724,-0.02146267,-0.158761177,0.0204101577,-0.108358551
725,-0.525510646,-0.436335023,-0.39022386,-0.363874198
726,1.640651594,0.7947530885,1.7170761713,0.8295300045
727,-0.979982664,-0.773919218,-0.886612306,-0.735104518
728,-0.67989889,-0.78465338,-0.610623087,-0.727719104
729,1.5845339544,0.8773452637,1.5119000938,0.871554654
730,0.1227200953,0.3445418502,0.5370691457,0.6369709134
731,0.7982805315,0.3809459511,0.9788197834,0.5261568721
732,-0.202437856,-0.05576964,-0.067396231,0.021181619
733,4.5062218822,8.6427319442,4.509665972,8.6276151848
734,-0.605714396,-0.630425892,-0.311893184,-0.448579978
735,-0.586193835,-0.537856736,-0.49349785,-0.502316254
736,-0.675476441,-0.640462259,-1.027831168,-0.856189209
737,-0.363949265,0.2971660402,-0.257049359,0.4012645897
738,0.7225469308,-0.108742654,0.6973660151,-0.101688701
739,1.3488130654,0.1763881605,0.3471736153,-0.333482396
740,0.130172616,-0.585974881,0.0935422605,-0.590731153
741,0.4586377511,0.5885324679,0.3619304102,0.4721580039
742,0.5055266216,0.3241424886,0.5046574947,0.3357149332
743,-1.279169229,-0.886798655,-1.173823248,-0.824934135
744,0.1899290664,0.1659806259,-0.387382171,-0.238154749
745,0.1525347208,-0.175953652,0.2981874111,-0.079122157
746,-0.110806604,-0.521540217,-0.282138729,-0.590990464
747,0.4174546812,-0.164536542,0.5092733812,-0.100326502
748,-0.523037072,-0.719713927,-0.408842687,-0.649033257
749,-0.989202348,-0.487303733,-0.627542025,-0.268618763
750,-0.748173156,-0.893049114,-1.106477019,-1.07358627
751,-1.16699982,-0.512305571,-1.016240461,-0.428911799
752,-0.741504275,-0.814628861,-0.602870325,-0.721288869
753,0.6030817298,-0.014406742,0.7778803589,0.0583811311
754,0.1334025716,0.2911679746,0.5414708166,0.5824665545
755,1.4889572508,0.373403829,1.496417118,0.3994920902
756,3.8888710611,4.1161967439,3.917561557,4.1042030898
757,-0.079258887,-0.458827769,-0.222749228,-0.529307482
758,-0.892560349,-0.353208367,-0.768363205,-0.278088505
759,0.0984568141,0.0230366277,0.0991492788,0.0842891651
760,0.3043403635,1.2476812725,0.3421210978,1.2340340791
761,0.832676606,0.6760388997,0.8079130885,0.6644315256
762,-1.096197467,-0.866161746,-1.179585035,-0.920137051
763,-0.390104637,-0.478083935,-0.238419771,-0.387244931
764,-1.291589339,-0.890064928,-1.308367089,-0.898322178
765,0.6381705866,-0.131354174,0.687954875,-0.083343332
766,-0.136012524,-0.482181623,-0.747363407,-0.814499365
767,-0.428196308,-0.401667985,-0.279340601,-0.312560338
768,2.4720494389,1.575065787,2.5204546357,1.5664007074
769,3.0214280927,8.6654919307,2.5268088465,7.6307253737
770,-0.479907398,-0.306634278,-0.113375216,-0.021026845
771,-0.102325132,-0.172717072,-0.556722734,-0.489222734
772,-1.221416168,-0.582619528,-1.262009383,-0.641401662
773,-0.70359886,-0.014763063,-0.411594179,0.1339979281
774,-0.621416705,-0.123915979,-0.492148496,-0.060061223
775,0.5743778274,-0.413382029,0.0708789599,-0.627907689
776,-0.898652291,-0.575314953,-0.788650147,-0.534345976
777,-1.009483834,-0.970771573,-1.106011176,-0.999715713
778,-0.53085302,0.0133268879,-0.818347204,-0.261640367
779,0.03624269,-0.167847355,0.1500639366,-0.103562955
780,-0.198556004,0.0669976973,-0.082313944,0.1240752135
781,-0.873582657,-0.238191005,-0.731777936,-0.173008828
782,-0.557610318,-0.61820706,-0.508199297,-0.583687109
783,-0.011509319,-0.193546987,0.0498325264,-0.153938047
784,-0.099015676,-0.05765517,0.3950400558,0.2139770433
785,0.1851545469,-0.337723262,-0.099909353,-0.460495113
786,-1.448671485,-0.595833088,-1.274921771,-0.480084515
787,1.3752319218,1.0086494515,1.388685597,1.0277840707
788,4.4339226646,2.4700395259,4.5173444251,2.5248896457
789,-1.333926289,-0.691594283,-1.35353431,-0.699283617
790,0.1842505227,-0.194333862,0.283596659,-0.146700341
791,0.6199492758,0.3217818637,0.3620913282,0.1762162397
792,-0.003684286,-0.269532382,0.2505479982,-0.127229106
793,-0.808595132,-0.744329751,-0.770358281,-0.725227757
794,-1.482958531,-0.56741651,-1.466738067,-0.559942181
795,-0.970317783,-0.749437015,-0.881520327,-0.70108894
796,0.2195233644,-0.191988084,0.1928204621,-0.188416444
797,-0.804399824,-0.731264658,-1.358017977,-1.049713328
798,0.1662926963,0.340681709,0.2858741098,0.4097922816
799,1.1662047306,0.3526926868,1.25083935,0.4018258812
800,-0.929641239,-0.807264899,-0.568628103,-0.619225724
801,-0.805576418,-0.69817137,-0.752710087,-0.675194036
802,-0.022898206,-0.620300445,0.0491857796,-0.550101527
803,-0.493108876,-0.746794303,-0.316076539,-0.6538387
804,-0.801787694,-0.825125476,-1.130436888,-0.996827195
805,-0.604969371,-0.63574101,-0.760023143,-0.727266132
806,-0.058411818,-0.616440303,-0.529221132,-0.82344064
807,1.1430317298,0.6013451673,1.2309849396,0.6217405475
808,0.1948671279,-0.376666148,0.2150650684,-0.356242603
809,0.9640372202,0.0895201366,1.0506814539,0.1552843339
810,-0.469163593,-0.703679495,-0.331895188,-0.646006878
811,-1.225979446,-0.257877725,-1.039257883,-0.13892432
812,-0.284788096,0.0086353316,-0.154429803,0.0919535841
813,-0.471723481,-0.275664068,-0.38564026,-0.237577045
814,0.5642177772,-0.169821966,0.6976883636,-0.111332411
815,-0.317328422,-0.386524354,-0.023171969,-0.231127116
816,-0.870868313,-0.130017971,-0.650210963,0.002921592
817,5.252041803,5.4829242786,6.0423375896,6.1602696565
818,-0.22201066,-0.235756147,-0.253712105,-0.267433814
819,-0.462803624,-0.625674949,-0.252140848,-0.506448803
820,1.8454312346,0.6909895235,1.153060658,0.3286019584
821,-0.009349201,0.2478304662,0.0879239676,0.2943664593
822,0.1499112337,-0.410175143,0.4094196671,-0.257520947
823,-0.408051107,-0.455442722,-0.368142222,-0.429125155
824,0.0603174436,0.3945752189,0.0464686229,0.3244267374
825,-0.820888043,-0.470764513,-1.244956688,-0.79948892
826,0.7509555489,0.0067349544,0.8157529721,0.0681003365
827,2.8801163986,2.7572043384,2.4254479356,2.3792820962
828,-0.70803721,-0.445807215,-0.620850604,-0.392920212
829,-0.512597638,0.0381357185,-0.32971972,0.1316017714
830,-0.265124435,-0.581030931,-0.231137975,-0.548089411
831,2.2771504643,2.1123380563,2.3662665003,2.1363118071
832,-0.171539764,-0.505327623,-0.077715994,-0.474625873
833,-0.646670324,-0.679390299,-0.499196602,-0.601664849
834,-0.437000322,-0.291728194,-0.341561029,-0.250440796
835,-0.613836985,-0.277757453,-0.660139706,-0.23619187
836,-0.371610756,-0.101512313,-0.338616845,-0.074431598
837,-1.191042774,-0.598639114,-1.362504719,-0.761652621
838,0.6587042004,0.2714664078,0.5015211313,0.2030170882
839,-1.193146107,-0.577111403,-0.63943612,-0.230815288
840,-0.030700525,0.6705159284,0.2412157796,0.8211237616
841,-1.742463432,-0.959443543,-1.511189869,-0.840692968
842,5.0659559281,1.0863125233,3.2214841323,0.4503890844
843,0.7838252308,0.7469764178,1.1049220919,0.9765818127
844,-1.181296122,-0.843253293,-1.031212496,-0.734510403
845,-0.873880212,-1.067928358,-0.779203133,-0.984327791
846,0.8536486033,0.190373749,0.9832224791,0.3148585227
847,-0.131353847,0.4779097289,0.1287858632,0.6785688501
848,-0.097307571,0.0607620846,-0.106737093,-0.009663154
849,0.5428573674,0.3541328164,0.5771853863,0.3921460646
850,-0.283597873,-0.322921105,-0.245807649,-0.241115479
851,-0.726110878,-0.815074262,-0.961086588,-0.937011903
852,-1.04663741,-0.494296528,-0.855704264,-0.39902877
853,0.9665107938,0.727809332,0.9811208082,0.7061082401
854,-0.32004958,-0.305505929,-0.070339903,-0.153101033
855,-0.435705614,-0.334041281,-0.404770539,-0.329087254
856,0.0527422664,0.5170604688,0.1702447952,0.5690612066
857,0.4205120091,0.5334215288,0.2809153757,0.4701524535
858,-0.844672055,-0.856140226,-1.18353675,-1.042354172
859,0.2928946909,-0.026788887,-0.307535073,-0.413212049
860,-0.294010051,0.0706499848,-0.38252542,-0.016917273
861,-1.294485396,-0.569480201,-1.328936406,-0.618135965
862,0.4511534306,0.7573097188,0.741882389,0.9814725983
863,0.6808437063,0.6977002306,0.8043001209,0.7788266723
864,-1.100172448,-0.43652803,-0.999767891,-0.396399563
865,0.4372637129,-0.235058352,0.3212940048,-0.266754356
866,0.015702262,-0.673288306,0.0516026244,-0.650070497
867,-0.83527293,-0.762309101,-0.747044646,-0.711395696
868,1.0812696178,-0.303442238,1.1342286406,-0.224253757
869,-0.431169594,0.2503544047,-0.311712791,0.3316874205
870,-0.043238749,0.3017685162,0.0419818808,0.3049784793
871,-0.049353405,-0.615712815,-0.193705068,-0.666410316
872,0.2226238492,-0.029253439,0.7084667942,0.2051769117
873,-1.332679281,-0.813812293,-1.167125677,-0.727827423
874,-0.871383925,-0.573563043,-0.857791073,-0.584130234
875,-0.861630458,-0.791943108,-0.678721121,-0.693591924
876,0.6902928029,0.4328648503,0.9234429824,0.6610440822
877,-0.261042698,0.3108695415,-0.084167063,0.4149620717
878,0.5642927339,0.0401103292,0.7862634688,0.1413176945
879,-1.247255813,-1.045925553,-1.499945596,-1.186848986
880,0.3100438927,0.1621204847,0.2898360748,0.1195192333
881,-1.146756948,-0.405275733,-1.021509756,-0.309596325
882,-0.313035443,0.086417177,-0.095511782,0.2302446496
883,-0.934134103,-0.686086159,-0.795697227,-0.610780092
884,-0.375785622,-0.459109856,-0.934486946,-0.813750976
885,-0.349455351,0.1044559137,-0.528617946,-0.038476118
886,-0.144489454,-0.341360702,-0.127373544,-0.338757223
887,-0.085221358,-0.487615514,0.0254309016,-0.433517015
888,0.6851275996,0.0754454679,0.5143156491,0.0171245646
889,-1.161968631,-0.802395183,-1.042771943,-0.736282902
890,-0.359311031,-0.754573972,-0.873070083,-0.988092712
891,0.1844935644,0.6662697731,0.4726404515,0.8994222847
892,0.1610707076,0.0199188213,0.3381944938,0.101167299
893,-0.283427517,0.0902327781,-0.660454367,-0.205777092
894,0.5411310902,0.6508292083,0.6466296996,0.7226121797
895,1.10183276,0.3677620842,1.0154670625,0.3527965763
896,-0.062159657,0.8279057628,0.0879941771,0.9032397234
897,-1.457979753,-1.037136308,-1.306774821,-1.013380371
898,-0.150431482,-0.085789661,-0.04825314,-0.071152474
899,-0.734299338,-0.548293964,-0.593521194,-0.45578486
900,-0.324799114,-0.493717506,-0.836435103,-0.775048122
901,0.024756132,-0.354321869,0.2058676314,-0.252318332
902,-1.000950119,-0.41841506,-1.141821579,-0.611889545
903,1.8761498842,0.0880057735,1.0420984777,-0.226351215
904,-0.470923942,-0.688313163,-0.781530294,-0.846581605
905,-0.110933804,0.7127399346,0.7060094637,1.344894074
906,1.368317727,1.2324931015,1.6749556305,1.3619166338
907,-0.108337574,0.2896090714,-0.196029154,0.224618605
908,-1.195387996,-1.0493106,-1.004469873,-0.965207774
909,1.4186069095,0.5409933442,0.6380687599,0.1364859922
910,-0.4707286,-0.478069088,-0.417442575,-0.427470822
911,1.1108343873,0.3439925224,1.2721445847,0.4443396093
912,-0.528836001,-0.016262579,-0.382768847,0.0563329095
913,0.6060436582,0.925686109,0.8368199047,1.0649835828
914,0.9688821536,0.9091171952,1.1201903395,1.0208023922
915,-0.17217349,-0.640848273,-0.679096255,-0.847208545
916,-0.631172443,-0.123381498,-0.559020172,-0.10136046
917,-0.208538883,-0.116982571,-0.023488168,-0.00050524
918,-0.7392056,-0.548858139,-0.625916959,-0.480281459
919,-0.613936928,-0.226135487,-0.937492627,-0.516706324
920,-0.198324319,-0.315230516,-0.862036951,-0.708369318
921,0.7890971907,0.7080335316,1.0875859968,0.9064925881
922,0.18977461,-0.110138244,0.2419429854,-0.081114578
923,-0.65010925,-0.264840826,-0.563826187,-0.248743792
924,-0.994705992,-0.854106228,-0.801991991,-0.744951737
925,-0.090357033,1.232908809,-0.061478139,1.1301951515
926,0.1974656295,-0.519372599,0.1991341871,-0.508467483
927,-0.191348796,0.2660919035,-0.106615123,0.3121899263
928,0.4686796877,-0.173979041,0.500184077,-0.124964245
929,-0.474453725,-0.130225825,-0.362934423,-0.065871082
930,-0.10408548,0.930288585,0.1550482945,1.0975056658
931,-1.211923915,-0.698587078,-1.090138718,-0.627356244
932,0.1353014766,-0.094460132,-0.338343694,-0.400981802
933,0.1565028871,0.3532123212,0.2311927411,0.421828866
934,-0.121866136,-0.236008541,0.0007346021,-0.158208458
935,-0.533063109,-0.410813551,-0.429084018,-0.350829914
936,-0.11310755,0.2497605368,0.117572339,0.3832999793
937,0.2678182422,-0.389523387,0.1954940582,-0.395040647
938,0.9632921952,0.5416317522,1.080577352,0.5840421096
939,-0.434365478,-0.47414956,-0.312960675,-0.421838213
940,0.2192303515,0.02253184,0.1996589643,0.0063615539
941,-0.709697616,-0.517724615,-1.095866681,-0.764698695
942,-0.262001236,-0.709840874,-0.27460787,-0.690027231
943,0.0301598341,-0.378032044,0.0827997033,-0.346881179
944,0.1126690731,1.0282916316,0.4869006555,1.2680956106
945,-1.103456917,-0.619751117,-0.941658046,-0.529783431
946,-1.145880181,-0.595491614,-1.021345763,-0.534021017
947,0.2979894803,0.7957923573,0.6165682712,0.9898197579
948,1.0436753875,4.0321495925,0.5995412002,3.32021016
949,-0.687369582,-0.691906064,-0.549899606,-0.617213609
950,-0.559865835,-0.517249521,-0.41876118,-0.465520478
951,0.4557303368,-0.020746282,0.405288072,-0.057917811
952,-0.35751434,-0.649013957,-0.60580016,-0.81344243
953,-0.660062602,-0.572508927,-0.566023692,-0.503215633
954,-0.108980385,0.2532049705,0.0815482328,0.4191274455
955,-0.778757792,-0.704213976,-0.815299499,-0.728185205
956,-1.531373794,-0.852384011,-1.166008989,-0.631856424
957,0.4973109047,0.3004620069,0.4741953088,0.2931454041
958,-1.248407422,-0.594244492,-0.994099887,-0.447831589
959,0.0724013845,0.0017019241,0.133704624,0.0201772026
960,-0.055842845,-0.514339569,-0.008350602,-0.478164307
961,-0.202710426,-0.197540749,-0.095750596,-0.134621085
962,-0.091817555,0.3611849974,-0.0729848,0.3889161767
963,1.5839933571,0.6716888175,1.5978948739,0.702481181
964,0.8494919094,1.3625204734,1.1619265219,1.639752644
965,0.3918694351,0.2468208908,0.6965460508,0.4252950872
966,-0.876848955,-0.387207303,-0.775964787,-0.33554703
967,0.3973821652,0.2028895145,0.7502911228,0.4649662514
968,0.1278126133,0.3271415213,0.1754290195,0.3467471012
969,-1.290360502,-0.299968111,-1.34387513,-0.411186804
970,-1.575698234,-0.973740912,-1.380333818,-0.870113177
971,0.48454781,0.4656166638,0.5767246688,0.6041041777
972,-1.513629481,-1.0068342,-1.468145844,-1.002374462
973,0.0800333471,0.2777168672,-0.128067439,0.1237305608
974,2.0480507571,2.2090049001,0.9793691594,1.2919160341
975,0.2033099866,-0.092099507,0.3808387868,0.006007054
976,-0.037364864,-0.143097911,0.0851079028,-0.060714422
977,-1.009722333,-0.698349531,-1.175180802,-0.851862997
978,0.1871783798,0.6089318295,0.1840622185,0.5915358435
979,-0.161547799,-0.27826224,-0.188908789,-0.26247738
980,-0.132371442,-0.617390492,0.102933414,-0.477432331
981,0.1337728127,-0.007577261,0.2221721089,0.035056351
982,0.4754712258,-0.151412062,0.5217183892,-0.125121801
983,0.599486076,0.9542808473,1.3701861776,1.6098564862
984,-0.297862375,-0.033870762,-0.28661061,-0.010191622
985,0.580045014,0.086951658,0.6403272491,0.0799859302
986,-0.812917639,-0.271506993,-0.238502792,0.2024164078
987,-0.105611873,0.2554913618,0.0517092197,0.3363714145
988,-0.985574894,-0.126707158,-0.811835662,-0.03666423
989,-0.707085486,-0.483473286,-1.028345184,-0.724988141
990,-0.264994964,-0.494415301,-0.137498566,-0.427700591
991,-0.460357308,-0.571336038,-0.401222144,-0.523500905
992,-0.626250282,-0.251167018,-0.417499972,-0.103152654
993,0.2888220394,-0.053082388,0.3457361154,0.0314818103
994,-0.832047517,-0.759681236,-0.887172444,-0.765749065
995,1.0291042445,0.1085536021,1.0038225446,0.1218366123
996,0.0266436799,-0.078336619,-0.140531921,-0.141917874
997,-0.803972797,-0.905713347,-0.635007288,-0.838956575
998,-1.049413082,-0.599232982,-0.980453632,-0.533334995
999,0.8409218514,-0.289130022,0.9716035851,-0.205159999
1000,0.0750680286,-0.26985901,-0.323835451,-0.505296679
1001,-0.496257061,-0.309826318,-0.527043614,-0.301954883
1002,-0.179044528,0.0382841854,-0.263227278,-0.049889045
1003,0.0027029399,-0.101645933,0.2479251374,0.0808590503
1004,-0.588515223,-0.716076487,-1.052895427,-0.97334486
1005,-0.349866477,0.4215219739,-0.221886216,0.4991459496
1006,-0.080605838,0.3792237342,-0.152357856,0.3218763076
1007,0.0859117755,0.2026519674,0.1115138278,0.2043037915
1008,-0.612687648,-0.071521985,-0.557494526,-0.051733758
1009,-0.912916793,-0.814688248,-1.178251568,-0.960586146
1010,0.9291232625,0.1820744454,0.8660424071,0.1819801454
1011,0.0182099069,0.1982276517,0.4457123117,0.5161127084
1012,-0.462333441,-0.654106374,-0.771026039,-0.840407399
1013,-1.312202453,-0.891059657,-1.10512869,-0.762860547
1014,1.695095199,1.2052197192,2.1737639959,1.5550698404
1015,-0.360210512,-0.692009991,-0.288137281,-0.636714385
1016,-0.559711379,-0.653824286,-0.53989143,-0.616980558
1017,-0.092076496,0.5387663397,0.139399276,0.6679666773
1018,1.6827863878,1.4165179102,2.0087984548,1.5935954447
1019,0.6543589788,-0.101022372,0.1966937684,-0.354969029
1020,0.6545702206,0.7462340829,0.9157558172,0.949350969
1021,0.8804399722,0.9017532335,0.8037902056,0.7882077898
1022,0.1840142953,0.1660548594,0.2248508297,0.2084954246
1023,-0.521456166,-0.445317274,-0.240036638,-0.282565708
1024,-0.366411482,0.0325830538,-0.2343138,0.1252700094
1025,0.124296459,0.2746139075,0.2535547047,0.3116417644
1026,0.9899472791,1.0471023966,1.0914024181,1.1220219595
1027,2.4066167163,2.1880710574,1.484350831,1.4944011223
1028,-0.813914792,-0.52642478,-0.810075301,-0.498367519
1029,-0.62443769,0.0324494335,-0.534287999,0.0440074733
1030,-1.40632772,-1.131308907,-1.256135876,-1.046168329
1031,-0.876903469,-0.886828348,-0.765673722,-0.827225255
1032,0.8455441859,0.4440741065,0.9761820607,0.5728458212
1033,2.8652431571,1.4117372738,2.8713322182,1.4474791223
1034,-0.232116196,-0.109514683,-0.099667463,-0.031071009
1035,-0.921193838,-0.514443495,-0.750079026,-0.417498871
1036,-0.711137695,-0.714948138,-0.708846097,-0.690106008
1037,-0.25159133,0.1306603339,0.0612920399,0.3415773111
1038,-0.541651338,-0.643060431,-0.819620711,-0.847707471
1039,0.4498178371,0.6504580409,0.5332086514,0.7293772193
1040,0.6783201615,0.2198741359,0.7727822309,0.3187809984
1041,-0.37757777,-0.305609856,-0.751261313,-0.556699164
1042,-1.173864044,-0.57402329,-1.050160334,-0.497658519
1043,0.4498927939,0.9360787968,0.8153414525,1.194234901
1044,-0.28469951,0.2606877058,-0.062582528,0.3860407886
1045,0.5400975952,0.6501165668,0.7106842851,0.7567492066
1046,0.8143576242,-0.140217652,0.7775769721,-0.144576624
1047,-0.838809527,-0.600034703,-0.756572119,-0.557070075
1048,0.1414297609,-0.514012941,0.0641757518,-0.529737477
1049,-1.250513026,-0.33224483,-1.429054558,-0.596951314
1050,0.0779709001,-0.637775007,0.2581782784,-0.568755442
1051,0.3214146085,0.6981010914,0.2411178963,0.6343055993
1052,0.0543731441,-0.081543506,0.2026502965,0.0373146466
1053,0.7191534331,0.640703761,0.8894062647,0.702586218
1054,-0.332119893,-0.385366312,-0.274989666,-0.308240691
1055,0.2606950771,0.5681034129,0.4764507231,0.6494965763
1056,-0.978962798,-0.853883528,-1.461519507,-1.139677523
1057,-0.255239226,-0.325519277,-0.118389298,-0.247929755
1058,0.1119717479,-0.170816694,0.2002324268,-0.10374677
1059,0.697981551,1.0962598103,0.6853991488,1.073100974
1060,0.1524166071,0.1791793395,0.2257722646,0.2726336463
1061,0.4327935633,-0.406611935,0.2385806193,-0.481167709
1062,-0.310037172,-0.471462308,-0.142042193,-0.381133091
1063,-0.984550485,-0.540143128,-0.983310182,-0.52963244
1064,1.11378723,0.8280839232,1.0754187517,0.8345389567
1065,-1.129353348,-0.711399777,-1.361227625,-0.905228361
1066,1.4704065845,0.8253966711,1.7214927039,0.9830186118
1067,-0.371390429,-0.639957471,-0.864590115,-0.894796874
1068,-0.967776067,-1.12635011,-0.930840155,-1.106498959
1069,-0.238630622,0.06828936,-0.172554089,0.1439042307
1070,0.07593571,0.3051090231,0.1269855291,0.3376252937
1071,-0.380555598,-0.084542538,-0.277804706,-0.020934938
1072,0.0207425373,-0.273303444,0.0240057011,-0.254192586
1073,0.4804774299,0.562951609,0.2056031929,0.4520237228
1074,-0.714181394,-0.550238882,-0.642317269,-0.473460619
1075,1.85716992,0.8852140131,1.9151897938,0.9161461455
1076,-1.197629885,-0.437938466,-1.254251496,-0.501259319
1077,-1.00132036,-0.675990405,-0.907033004,-0.62785517
1078,0.1550514514,-0.50381326,0.011505858,-0.560490343
1079,0.4761208512,-0.236246088,0.7768149178,-0.128840767
1080,1.3964242466,0.2315436397,0.548981177,-0.17785366
1081,-0.159292281,0.6909598302,-0.400892108,0.4327133257
1082,-0.175616959,0.5216184047,0.1165924817,0.7531385595
1083,-0.500345612,-0.93846516,-0.639629836,-0.971421369
1084,-0.350352561,0.0857639223,-0.186139872,0.1779329383
1085,0.0458576001,-0.087511878,0.3409434241,0.0606427091
1086,-0.446011035,-0.202276845,0.3734068354,0.2552007857
1087,-0.176350627,-0.296672145,-0.175359392,-0.312087671
1088,-0.726056364,-0.699938127,-0.66952266,-0.655450361
1089,1.3434888629,0.6458258714,1.3569417044,0.667608895
1090,-0.217894852,0.0605839243,-0.119935443,0.1155376743
1091,0.5804515977,-0.12278763,0.6258523169,-0.101813433
1092,2.1188213107,1.0605683508,1.1131160975,0.4826059035
1093,0.5459101525,0.2759501102,0.6338623431,0.3300626293
1094,-0.882654698,-0.973859686,-1.241197152,-1.132712257
1095,-0.927869534,-0.246623929,-0.783250169,-0.156081458
1096,-0.396033037,-0.238057385,-0.521084524,-0.277231797
1097,2.3081439554,5.9676095473,2.0048057412,5.589583909
1098,-0.732420876,-0.171262095,-0.597046016,-0.080536874
1099,0.6291530593,0.8106242076,0.8441391109,0.9764472341
1100,-0.791339173,-0.368173837,-0.563752391,-0.207162267
1101,1.2863286426,0.6296132783,1.3072436687,0.6477142296
1102,-0.051774736,-0.178640904,-0.468114318,-0.453585648
1103,-0.507155322,-0.823418106,-0.690390751,-0.907296277
1104,-0.680986899,-0.872115272,-0.958545723,-1.015579583
1105,-0.725910994,-0.487853061,-0.877169392,-0.591811065
1106,-0.816649578,-0.513894168,-0.733076554,-0.461003886
1107,-0.31931137,-0.245436193,-0.70981468,-0.528864357
1108,-0.470140303,-0.459941271,-0.402206613,-0.384724043
1109,-0.885868754,-0.812580017,-1.128837445,-0.972452045
1110,-0.864749114,-0.482300397,-0.880918679,-0.507650164
1111,-0.879763184,-0.899537121,-0.602853413,-0.740947202
1112,0.8355204206,0.0180926776,1.3872091488,0.2483471211
1113,-0.186440263,-0.170608841,-0.036480502,-0.050762165
1114,5.8213862162,6.4445745336,5.6040246523,6.3413665844
1115,-0.009403715,-0.736149221,-0.17690605,-0.786897609
